Field,Character Limit,Source Text (English)
App Title,30,The Pep Planner App
Short Description,80,"Track peptide orders, stockpiles, reconstitution logs & protocols with ease."
Full Description,4000,"🧪 The Pep Planner App — Full Peptide Research Management

Stop juggling spreadsheets and scattered notes. The Pep Planner App takes the trusted, gold-standard organization system researchers already rely on and turns it into a powerful digital tool—built to keep your inventory pristine and your records flawless.

Whether you're a seasoned researcher or charting your first protocol, staying organized is the foundation of reliable research. Built by a fellow researcher, The Pep Planner App anticipates what you need and turns the complexity of peptide management into simple, automated systems—so your focus stays on your work, not on inventory panic.

✨ FEATURES THAT DEFINE CONTROL

📦 Order & Stockpile Hub
Track every incoming order and manage your entire stockpile in one place. Know exactly what you have, where it is, and when it expires—instantly.

💧 Precision Reconstitution Log
Finally, a dedicated log for the details that matter. Record solvent, concentration, batch info, and reconstitution date to keep every vial accurate and traceable.

📝 Protocol Recording
Log every instance of a protocol with time-stamped precision. Keep clean, reliable records and stay on schedule with proper reminders.

🚚 Vendor Organizer
Keep your trusted vendors a tap away for fast, effortless reordering.

🥼 ...and so much more, built for researchers who demand total clarity.

⬆️ UPGRADE YOUR SYSTEM TODAY
You already know the value of The Pep Planner as a research tool. Now get that same control, backed by automation and convenience, right in your pocket.

Download The Pep Planner App now.

⚠️ For research use only. Not for human use. This app does not provide medical advice."
